driver_id,name,phone_num,vehicle_id
1,Corie Gater,(859) 309-4295,69
2,Abigale Jaggers,(813) 884-0001,49
3,Wilhelmine Wyldbore,(937) 558-6667,11
4,Angy Janko,(719) 159-1729,59
5,Bernardina Kesper,(907) 569-7907,63
6,Taffy Waddell,(713) 078-9330,25
7,Star Vel,(505) 426-2430,60
8,Linet Rodliff,(661) 848-9809,94
9,Ariel Aprahamian,(516) 440-1086,86
10,Mackenzie Drummond,(704) 451-0407,70
11,Matthias Drewe,(619) 864-0078,45
12,Sean Dunnaway,(801) 707-2514,69
13,Di Dulany,(217) 883-0192,44
14,Budd Ransfield,(303) 232-1180,62
15,Clari Gilkison,(559) 281-9055,78
16,Norton Mapham,(812) 203-2753,23
17,Tallia Gentil,(559) 442-0314,5
18,Lucky Begg,(336) 120-6955,99
19,Emiline Kettlewell,(239) 915-9763,66
20,Rafael Coan,(713) 889-5329,17
21,Gabbey Gregorio,(915) 498-3836,63
22,Gayler Wadeling,(423) 784-9240,54
23,Ariana Benoit,(914) 284-7604,37
24,Merry Ruffle,(304) 767-3965,96
25,Deirdre McLeish,(202) 671-3335,82
26,Brockie Mosby,(540) 265-0734,38
27,Andee Glewe,(562) 487-3095,14
28,Ximenes McAlpin,(805) 765-1627,82
29,Kean Moors,(918) 758-1989,8
30,Dorelle Nutkin,(731) 814-6394,76
31,Roth Dymocke,(772) 865-5819,26
32,Maighdiln Mahomet,(386) 156-9104,41
33,Amos Witton,(859) 691-5279,94
34,Branden Beaudry,(570) 866-8796,67
35,Matelda Comberbeach,(212) 737-7863,33
36,Dasha Jachimczak,(260) 350-9042,86
37,Hurlee Berggren,(608) 980-4765,82
38,Amie Scoggins,(915) 205-9209,69
39,Mabelle Fancourt,(404) 481-7123,42
40,Alyse Shears,(909) 130-5147,34
41,Rosella Debell,(225) 020-8764,72
42,Hyacinth Matcham,(661) 823-2113,15
43,Annalee Gaule,(602) 248-2848,34
44,Vera Sanper,(504) 768-3445,92
45,Stefania Lepere,(505) 010-7565,77
46,Kelsy Amoss,(314) 173-8212,5
47,Hyman Baudino,(512) 677-5495,94
48,Osbourn Laurent,(801) 173-5818,94
49,Stormie Downage,(915) 163-5080,9
50,Evelin Weavill,(847) 374-9023,88
51,Kettie Seys,(205) 851-7924,44
52,Olga Hendrickson,(281) 254-4953,49
53,Charmian Mackneis,(719) 579-1169,47
54,Opal Creighton,(972) 061-1694,23
55,Joaquin Ivanenko,(518) 448-4717,33
56,Clark Growcott,(202) 121-0934,33
57,Ernesta Sahlstrom,(352) 210-6482,36
58,Therine Saggers,(419) 159-3446,16
59,Phil Schutter,(305) 695-5211,63
60,Maxwell Inott,(517) 863-1072,82
61,Hynda Todd,(617) 659-3032,67
62,Leonanie Sellors,(251) 474-1812,60
63,Imojean Orbell,(713) 670-8523,62
64,Wyndham Jayne,(319) 196-7492,80
65,Bryant Ernke,(916) 696-0546,54
66,Atalanta Winsley,(916) 581-0454,81
67,Dorise Venn,(302) 140-7876,30
68,Johan Pulhoster,(405) 045-4425,38
69,Minnie Stucke,(707) 548-1379,72
70,Analiese Roos,(210) 443-7897,11
71,Marcello Cricket,(407) 344-6308,92
72,Gerrard Vicarey,(404) 130-4666,19
73,Carrissa Meiklejohn,(623) 428-0792,41
74,Ashly Leyland,(786) 405-2779,3
75,Tiphani Caldaro,(505) 081-3425,14
76,Calhoun Catcherside,(617) 562-5096,46
77,Ethel Pycock,(208) 597-2087,26
78,Marinna Leggs,(225) 850-1717,88
79,Faye Stern,(602) 689-5895,35
80,Dall Kalberer,(754) 832-6158,39
81,Hannis Darrach,(216) 047-6034,34
82,Cordi Preshous,(916) 168-2761,72
83,Sayers McWhirter,(806) 532-8232,36
84,Zacharia Weeks,(319) 741-3841,76
85,Bruce Choudhury,(253) 674-9575,90
86,Rossy Finnimore,(435) 058-8430,29
87,Dorette Laroze,(804) 010-9912,51
88,Randi O'Feeny,(808) 593-6424,91
89,Karlik O'Loughlin,(205) 793-8341,11
90,Devy Hast,(816) 312-9836,16
91,Una Orgel,(832) 100-6305,95
92,Ricky Lassells,(845) 718-3594,12
93,Thomas Burchett,(804) 814-7901,10
94,Constantin Jankiewicz,(505) 553-5160,16
95,Shermy Osgorby,(817) 814-5697,34
96,Micky Duffer,(816) 710-9969,45
97,Jarvis Heinritz,(269) 256-7101,64
98,Katlin Beedell,(920) 845-9332,33
99,Cally Matijevic,(915) 284-3050,41
100,Baryram Daughton,(949) 343-4558,36
